Words,Sentiment
kágbọ́n,POSITIVE
dúpẹ́,POSITIVE
ore,POSITIVE
àyànfẹ́,POSITIVE
rere,POSITIVE
fadaka,POSITIVE
aje,POSITIVE
wura,POSITIVE
suuru,POSITIVE
itelorun,POSITIVE
ire,POSITIVE
ife,POSITIVE
lárugẹ,POSITIVE
àlàáfíà,POSITIVE
fáàrí,POSITIVE
olododo,POSITIVE
omuoluabi,POSITIVE
ìwúrí,POSITIVE
ope,POSITIVE
oore,POSITIVE
iyi,POSITIVE
isimi,POSITIVE
igbadun,POSITIVE
ajé,POSITIVE
odun,POSITIVE
olùtùnú,POSITIVE
olólùfẹ́,POSITIVE
laaruge,POSITIVE
tooto,POSITIVE
anfanni,POSITIVE
jere,POSITIVE
yọ̀,POSITIVE
imo ṣọkan,POSITIVE
dun,POSITIVE
laruje,POSITIVE
anuoluwaposi,POSITIVE
ilera,POSITIVE
gbani,POSITIVE
farabalè,POSITIVE
alálùbáríkà,POSITIVE
pàtàkì,POSITIVE
àtàtà,POSITIVE
olólá,POSITIVE
yabo,POSITIVE
idunnu,POSITIVE
ọgbọ́n,POSITIVE
lọ́gbọ́n,POSITIVE
saanu,POSITIVE
feran,POSITIVE
iyanu,POSITIVE
iyin,POSITIVE
aanu,POSITIVE
ẹ̀bùn,POSITIVE
ìfẹ́,POSITIVE
ogo,POSITIVE
gbadun,POSITIVE
àkòyàibi,POSITIVE
arìnnà kore,POSITIVE
larugę,POSITIVE
ìgbìyànjú,POSITIVE
aiku,POSITIVE
oro,POSITIVE
dara,POSITIVE
ìlera,POSITIVE
àǹfààní,POSITIVE
àṣeyè,POSITIVE
gbádùn,POSITIVE
jíre,POSITIVE
laruge,POSITIVE
gbe,POSITIVE
san,POSITIVE
ìrànlọ́wọ́,POSITIVE
idaabobo,POSITIVE
ìdẹ̀rùn,POSITIVE
ògo,POSITIVE
ere,POSITIVE
imoran,POSITIVE
ebun,POSITIVE
laakaye,POSITIVE
dáadáa,POSITIVE
iyanju,POSITIVE
igbega,POSITIVE
sàn,POSITIVE
ìfé,POSITIVE
jẹjẹ,POSITIVE
baa tisheee,POSITIVE
sunwọ̀n,POSITIVE
ìdàgbàsókè,POSITIVE
gbeni,POSITIVE
dùn,POSITIVE
bọ̀wọ̀,POSITIVE
nife,POSITIVE
yangan,POSITIVE
níyì,POSITIVE
ilosiwaju,POSITIVE
ràn yín lówó,POSITIVE
lárinrin,POSITIVE
àmójúkúrò,POSITIVE
ise takun takun,POSITIVE
omoluabi,POSITIVE
inú mi dùn,POSITIVE
ẹ̀kọ́,POSITIVE
fẹ́,POSITIVE
ogbon,POSITIVE
itoju,POSITIVE
opépúpò,POSITIVE
àgbéláruge,POSITIVE
aruge,POSITIVE
sire,POSITIVE
ọ̀la,POSITIVE
ọlá,POSITIVE
ọlà,POSITIVE
owó,POSITIVE
àláfíà,POSITIVE
eléwà,POSITIVE
ojúlówó,POSITIVE
ìgboyà,POSITIVE
ayọ̀,POSITIVE
ìdùnnú,POSITIVE
àjọyọ̀,POSITIVE
yege,POSITIVE
ọ̀rẹ́,POSITIVE
iranlowo,POSITIVE
sere,POSITIVE
ga,POSITIVE
lokunkundun,POSITIVE
daradara,POSITIVE
itesiwaju,POSITIVE
iyì,POSITIVE
idabobo,POSITIVE
otito,POSITIVE
sùúrù,POSITIVE
dada,POSITIVE
ibukun,POSITIVE
ìmọrírì,POSITIVE
anfani,POSITIVE
gbega,POSITIVE
rán yín lọ́wọ́,POSITIVE
ayabo,POSITIVE
tera mose,POSITIVE
dara dara,POSITIVE
ọlọ́yàyà,POSITIVE
òdùn,POSITIVE
òlá,POSITIVE
isinmi,POSITIVE
lakaye,POSITIVE
alafia,POSITIVE
aponle,POSITIVE
olore,POSITIVE
àkúnwọ́sílẹ̀,POSITIVE
akinkanju,POSITIVE
joba,POSITIVE
àwàdà,POSITIVE
ireti,POSITIVE
bukun,POSITIVE
nifẹ,POSITIVE
farabale,POSITIVE
alayo,POSITIVE
faaji,POSITIVE
awure,POSITIVE
olowo,POSITIVE
ewa,POSITIVE
dúpé,POSITIVE
sanwa,POSITIVE
ran wa lowo,POSITIVE
oloyin,POSITIVE
barika,POSITIVE
lewà,POSITIVE
tuba,POSITIVE
tuṣẹ,POSITIVE
iwosan,POSITIVE
dára,POSITIVE
aṣètọ́júara,POSITIVE
aṣaralóoge,POSITIVE
ààbò,POSITIVE
ṣẹ́gun,POSITIVE
isinmin,POSITIVE
iree,POSITIVE
ayo,POSITIVE
alafiya,POSITIVE
ìrànlọ́wọ́ọ̀,POSITIVE
alaafia,POSITIVE
ṣeun,POSITIVE
ìdọ̀bálẹ̀,POSITIVE
ọmọlúwàbí,POSITIVE
àfòyàibi,POSITIVE
alakikanju,POSITIVE
olódodo,POSITIVE
ìsọdodo,POSITIVE
oriire,POSITIVE
lojutu,POSITIVE
gbagbo,POSITIVE
oduń,POSITIVE
gbọ́n,POSITIVE
folore,POSITIVE
ogbontarigi,POSITIVE
takuntakun,POSITIVE
irepo,POSITIVE
ìrọ̀rùn,POSITIVE
òtítọ́,POSITIVE
ọmọlúàbí,POSITIVE
ìforítì,POSITIVE
gbiyanju,POSITIVE
modupe,POSITIVE
àtàjèrè,POSITIVE
àpamọ́wọ́,POSITIVE
ìbùkún,POSITIVE
gbìyànjú,POSITIVE
àpónléara,POSITIVE
òye,POSITIVE
àlékún,POSITIVE
ìsinmi,POSITIVE
dupe,POSITIVE
iwuri,POSITIVE
dídùn dídùn,POSITIVE
ọdún,POSITIVE
lérè,POSITIVE
ìwúre,POSITIVE
olóòtọ́,POSITIVE
olóore,POSITIVE
ọpẹ́,POSITIVE
oníwà tùtù,POSITIVE
jèrè,POSITIVE
ẹ̀rin,POSITIVE
àánú,POSITIVE
ìlọsíwájú,POSITIVE
òdodo,POSITIVE
ìṣíti,POSITIVE
ololufe,POSITIVE
ajodun,POSITIVE
alubarika,POSITIVE
òótó,POSITIVE
lerin,POSITIVE
anu,POSITIVE
lore,POSITIVE
oloore,POSITIVE
òótọ́,POSITIVE
adun,POSITIVE
ṣoríire,POSITIVE
ọrọ̀,POSITIVE
lóore,POSITIVE
arísìkí,POSITIVE
òmìnira,POSITIVE
yíyẹ,POSITIVE
lómìnira,POSITIVE
tòótọ́,POSITIVE
ìyèdun,POSITIVE
dídùn,POSITIVE
gbajumo,POSITIVE
emabinu,POSITIVE
lẹ́ṣọ̀ọ́,POSITIVE
tútù,POSITIVE
layo,POSITIVE
daadaa,POSITIVE
larewa,POSITIVE
olutunu,POSITIVE
aatiku,POSITIVE
láyọ̀,POSITIVE
rérè,POSITIVE
lòótọ́,POSITIVE
wú ni lórí,POSITIVE
rọrùn,POSITIVE
kẹ́ẹ pẹ́,POSITIVE
ibigiga,POSITIVE
gbemi soke,POSITIVE
ìmọ̀ràn,POSITIVE
àgbájowó,POSITIVE
gbóríyìn,POSITIVE
ẹ̀rọ̀,POSITIVE
dewa lorun,POSITIVE
meremere,POSITIVE
olola,POSITIVE
arisiki,POSITIVE
ike,POSITIVE
gbọ́kilọ,POSITIVE
sàdánkátà,POSITIVE
aikubaale oro,POSITIVE
owo,POSITIVE
ìfẹ,POSITIVE
adupe,POSITIVE
àpọ́ńlé,POSITIVE
ojumore,POSITIVE
ololuffe,POSITIVE
ke,POSITIVE
dabobo,POSITIVE
ola,POSITIVE
òla,POSITIVE
olà,POSITIVE
reree,POSITIVE
ajasegun,POSITIVE
alaabo,POSITIVE
náwónáwó,POSITIVE
oríowó,POSITIVE
ìyèdún,POSITIVE
ṣeré,POSITIVE
gbegba oroke,POSITIVE
ìmọ́lẹ̀,POSITIVE
àìkú,POSITIVE
olá,POSITIVE
igba oroke,POSITIVE
ìṣẹ́gun,POSITIVE
modúpẹ́,POSITIVE
jíire,POSITIVE
dupẹ,POSITIVE
wúlò,POSITIVE
adùn,POSITIVE
ìyànjú,POSITIVE
ręwa,POSITIVE
làákàyè,POSITIVE
gbayi,POSITIVE
akínkanjú,POSITIVE
wurà,POSITIVE
alabukun,POSITIVE
farada,POSITIVE
ṣọpẹ́,POSITIVE
ńdùn,POSITIVE
olólùfẹ́ẹ,POSITIVE
ìkìlọ̀,POSITIVE
ominira,POSITIVE
ríre,POSITIVE
feranmi,POSITIVE
ifokanbale,POSITIVE
aìkú,POSITIVE
ọ̀ṣọ́,POSITIVE
didun,POSITIVE
àtúnṣe,POSITIVE
gbẹ̀yẹ,POSITIVE
rẹwà,POSITIVE
rire,POSITIVE
ìmoore,POSITIVE
sàánú,POSITIVE
oyin,POSITIVE
olówó,POSITIVE
sope,POSITIVE
ẹ̀ṣọ́,POSITIVE
ẹwà,POSITIVE
gbajúmọ̀,POSITIVE
aseyege,POSITIVE
isokan,POSITIVE
olotito,POSITIVE
ojulowo,POSITIVE
borí,POSITIVE
asọ̀rọ̀dayọ́,POSITIVE
ologo,POSITIVE
tura,POSITIVE
agbo ato,POSITIVE
igbeyawo,POSITIVE
alanu,POSITIVE
aṣore,POSITIVE
itusilé,POSITIVE
àdupé,POSITIVE
imole,POSITIVE
lájé,POSITIVE
yungbayungba,POSITIVE
ayesi,POSITIVE
iyedun,POSITIVE
odûn,POSITIVE
òṣùba,POSITIVE
sàńdákátà,POSITIVE
daada,POSITIVE
dáradára,POSITIVE
aseyi samodun,POSITIVE
seun,POSITIVE
agbanilagbatan,POSITIVE
irẹ,POSITIVE
àmú yọn gàn,POSITIVE
dáàbò,POSITIVE
iso,POSITIVE
tu wa lara,POSITIVE
tuntun,POSITIVE
da n saki,POSITIVE
olóòtó,POSITIVE
emi gigun,POSITIVE
ojire,POSITIVE
alaanu,POSITIVE
ọwọn,POSITIVE
isińmi,POSITIVE
yùngbàyùngbà,POSITIVE
fowó wónú,POSITIVE
olùgbégbá orókè,POSITIVE
kírà,POSITIVE
sun re o,POSITIVE
idunu,POSITIVE
dūpè,POSITIVE
gbosa,POSITIVE
ìtẹ̀síwájú,POSITIVE
larewà,POSITIVE
ìtúrà,POSITIVE
irorun,POSITIVE
suru,POSITIVE
funfun,POSITIVE
gbere,POSITIVE
àlááfià,POSITIVE
ẹṣeun,POSITIVE
ọlọ́run,POSITIVE
ayọ̀ọ,POSITIVE
jire,POSITIVE
níre,POSITIVE
ifokonbale,POSITIVE
nkóre,POSITIVE
itura,POSITIVE
ìfọ̀kànbalẹ̀,POSITIVE
sọre,POSITIVE
aalafia,POSITIVE
ọ̀rẹ,POSITIVE
idaraya,POSITIVE
ojumo re,POSITIVE
ànfàní,POSITIVE
afarada,POSITIVE
ògòo,POSITIVE
eseun,POSITIVE
idupe,POSITIVE
oludande,POSITIVE
àṣeyọrí,POSITIVE
àmọ̀ràn,POSITIVE
idagbasoke,POSITIVE
lótìítọ́,POSITIVE
ayò,POSITIVE
shaanu,POSITIVE
aláyọ̀,POSITIVE
ngbadun,POSITIVE
atata,POSITIVE
dẹrun,POSITIVE
awada,POSITIVE
anfaani,POSITIVE
àṣeyẹ,POSITIVE
efara bale,POSITIVE
sowopo,POSITIVE
oríire,POSITIVE
kóre,POSITIVE
ìṣọ̀kan,POSITIVE
titun,POSITIVE
orire,POSITIVE
èdùmàrè,POSITIVE
jí ware,POSITIVE
ṣọlá,POSITIVE
eledumare,POSITIVE
orí ire,POSITIVE
oluwa,POSITIVE
lere,POSITIVE
amin,POSITIVE
suuuruuu,POSITIVE
ọ̀gbàgbàtíígbaráìlárá,POSITIVE
olólùfẹ́ẹ̀,POSITIVE
ìbúkún,POSITIVE
afenifere,POSITIVE
àjíire,POSITIVE
àrìnàkore,POSITIVE
olodumare,POSITIVE
adura,POSITIVE
ṣálàáfíà,POSITIVE
ase yori,POSITIVE
adúpẹ́,POSITIVE
ajiire,POSITIVE
olorun,POSITIVE
elédùmarè,POSITIVE
aanfani,POSITIVE
aláàánúùn,POSITIVE
oreọ̀fẹ́,POSITIVE
gbon,POSITIVE
adupẹ,POSITIVE
ayeye,POSITIVE
àsùnjí,POSITIVE
múre,POSITIVE
ọmọ,POSITIVE
àlà àfíà,POSITIVE
ijo,POSITIVE
àádùn,POSITIVE
dire,POSITIVE
omo,POSITIVE
sinmi,POSITIVE
lọ́lá,POSITIVE
èrè,POSITIVE
oògo,POSITIVE
àtàlááfíà,POSITIVE
ara yá gágá,POSITIVE
tèmídire,POSITIVE
gbére,POSITIVE
ìṣẹ́gu,POSITIVE
àṣọdúnmọ́dún,POSITIVE
inú wa dùn,POSITIVE
àìkù,POSITIVE
looto,POSITIVE
ajoyo,POSITIVE
eye,POSITIVE
ase,POSITIVE
àìmalà,POSITIVE
tèmi dire,POSITIVE
pele pele,POSITIVE
ìgbésókè,POSITIVE
wíbẹ̀ jẹ́bẹ̀,POSITIVE
dakun,POSITIVE
ojurere,POSITIVE
idagba soke,POSITIVE
ìfẹ̀,POSITIVE
fakọyọ,POSITIVE
eledua,POSITIVE
atura,POSITIVE
ìlọsiwaju,POSITIVE
ìdùnnúu,POSITIVE
dáada,POSITIVE
fọpẹ́,POSITIVE
lógo,POSITIVE
elédùà,POSITIVE
adùnúnbárìn,POSITIVE
olódùmarè,POSITIVE
ọ́pẹ́,POSITIVE
àlááfíà,POSITIVE
edumare,POSITIVE
sowo,POSITIVE
pese,POSITIVE
olupese,POSITIVE
funwase,POSITIVE
ojoibi,POSITIVE
igbiyanju,POSITIVE
fóníre,POSITIVE
àlààfíà,POSITIVE
àṣèyí ṣàmọ́dún,POSITIVE
jiire,POSITIVE
roke,POSITIVE
ọlọ́rọ̀,POSITIVE
là,POSITIVE
ifarada,POSITIVE
iba,POSITIVE
àìnípẹ̀kun,POSITIVE
fìmọ̀ ṣọ̀kan,POSITIVE
so wọ́ pọ̀,POSITIVE
yinni yinni,POSITIVE
yáhrọ́bì,POSITIVE
lọpẹ́,POSITIVE
alààyè,POSITIVE
feleduwa,POSITIVE
asore,POSITIVE
ajíbájé,POSITIVE
olóyin,POSITIVE
daagba,POSITIVE
fakoyo,POSITIVE
moriwu,POSITIVE
abo,POSITIVE
lotito,POSITIVE
káre,POSITIVE
atola,POSITIVE
aya abo,POSITIVE
somo,POSITIVE
bori,POSITIVE
ologbon,POSITIVE
túntún,POSITIVE
olúwa,POSITIVE
igboran,POSITIVE
yiye,POSITIVE
laanu,POSITIVE
àrìnà ko re,POSITIVE
mure,POSITIVE
ikilo,POSITIVE
ngbere,POSITIVE
ayọ,POSITIVE
júbàà,POSITIVE
takun takun,POSITIVE
gbaiwajuiwaju,POSITIVE
bùkún,POSITIVE
fope,POSITIVE
mọyì,POSITIVE
ojo ibi,POSITIVE
àjíǹde,POSITIVE
jeje,POSITIVE
àrìnnàkòre,POSITIVE
fẹ́ràn,POSITIVE
lolorun,POSITIVE
àlááfìà,POSITIVE
orekelewa,POSITIVE
láànfààní,POSITIVE
gaafara,POSITIVE
dángájíá,POSITIVE
idera,POSITIVE
gbadura,POSITIVE
igbinyanju,POSITIVE
mìlíkì,POSITIVE
eleduaa,POSITIVE
ibukunoluwa,POSITIVE
ọjọ́ ìbí,POSITIVE
ìgbégaà,POSITIVE
ìmọ́,POSITIVE
baálẹ̀ ọrọ̀,POSITIVE
parowa,POSITIVE
láàyò,POSITIVE
nire,POSITIVE
aralíle,POSITIVE
èdàmàrè,POSITIVE
ṣayéere,POSITIVE
ìfe,POSITIVE
lọre,POSITIVE
atunse,POSITIVE
oníbúọrẹ,POSITIVE
olóríire,POSITIVE
nífẹ̀ẹ́,POSITIVE
àyípadà,POSITIVE
àṣèyíṣàmọ́dún,POSITIVE
alawurabi,POSITIVE
lola,POSITIVE
ifokan bale,POSITIVE
ariyo,POSITIVE
ayanfe,POSITIVE
arijo,POSITIVE
aláàbò,POSITIVE
erè,POSITIVE
dáà,POSITIVE
ajinde,POSITIVE
iluogbon,POSITIVE
fìmò sòkan,POSITIVE
àdúrà,POSITIVE
ìtùbà,POSITIVE
ìgbéga,POSITIVE
fàájì,POSITIVE
e se,POSITIVE
adua,POSITIVE
more,POSITIVE
ìgbàgbọ́dayọ̀,POSITIVE
bojumu,POSITIVE
rírọ̀,POSITIVE
àrìnnàkore,POSITIVE
oríre,POSITIVE
je mula,POSITIVE
ìkórè,POSITIVE
logo,POSITIVE
wúni lórí,POSITIVE
ìyanu,POSITIVE
ìbà,POSITIVE
ìdanilẹ̀kọ̀ọ́,POSITIVE
ẹ ṣé,POSITIVE
gún régé,POSITIVE
ṣoríre,POSITIVE
ọpẹ́lọpẹ́,POSITIVE
ṣọ̀rẹ́,POSITIVE
ododo,POSITIVE
àpèmọ́ra,POSITIVE
jayé,POSITIVE
fẹ̀sọ̀,POSITIVE
olùmọ̀nà,POSITIVE
ìmọ̀lẹ̀,POSITIVE
ṣàduà,POSITIVE
dádé,POSITIVE
èdùà,POSITIVE
oludumare,POSITIVE
yotomi,POSITIVE
adúpẹ,POSITIVE
lọ́dún,POSITIVE
aseyori,POSITIVE
ntèdùmàrè,POSITIVE
fọlọ́run,POSITIVE
fìyìn,POSITIVE
pataki,POSITIVE
igbelaruge,POSITIVE
àmín,POSITIVE
ìtọ́jú,POSITIVE
ìrànlọ́wọ́ọ,POSITIVE
àlọre,POSITIVE
ológojùlọ,POSITIVE
àbọ̀re,POSITIVE
akitiyan,POSITIVE
ijó,POSITIVE
yá gágá,POSITIVE
ajíire,POSITIVE
ànfààní,POSITIVE
ara le koko,POSITIVE
làákáyè,POSITIVE
jẹ́jẹ́,POSITIVE
arẹwà,POSITIVE
aláyòlé,POSITIVE
ládùúrà,POSITIVE
gbìnyànjú,POSITIVE
ìfura,POSITIVE
ṣolá,POSITIVE
àjọ̀dún,POSITIVE
lówó,POSITIVE
òlódùmaré,POSITIVE
atunluse,POSITIVE
gúnrégé,POSITIVE
ìgbádùn,POSITIVE
dẹ̀dẹ̀,POSITIVE
jáwé olúborí,POSITIVE
leke,POSITIVE
àlayọ̀,POSITIVE
olóòótọ́,POSITIVE
omoluwabi,POSITIVE
ajíṣọpẹ́,POSITIVE
ọpẹ́ẹ̀,POSITIVE
eshe,POSITIVE
ìdánilọlá,POSITIVE
àbò,POSITIVE
ìṣọ́,POSITIVE
elédùmare,POSITIVE
ìtesíwájú,POSITIVE
ayẹyẹ,POSITIVE
gáfárà,POSITIVE
ọ̀tunọ̀tun,POSITIVE
ọbaafúnniṣe,POSITIVE
àríyá,POSITIVE
ọ̀gbọ́n,POSITIVE
dukiya,POSITIVE
sako,POSITIVE
jẹun yó,POSITIVE
ẹẹ̀jíire,POSITIVE
lowó,POSITIVE
ìyè,POSITIVE
oreofe,POSITIVE
anuibukun,POSITIVE
láàdúrà,POSITIVE
koburu,POSITIVE
ọlọ́gbọ́n,POSITIVE
amoran,POSITIVE
wúrà,POSITIVE
ìtẹríba,POSITIVE
tùwọ́n nínú,POSITIVE
lolúwa,POSITIVE
júbà,POSITIVE
ìrẹ́pọ̀,POSITIVE
rọgbọ,POSITIVE
dàgbà sókè,POSITIVE
àṣẹ,POSITIVE
àlàáfíàa,POSITIVE
aṣaralóore,POSITIVE
ìgbélárugẹ,POSITIVE
olohun,POSITIVE
àpọ́nlé,POSITIVE
rewa,POSITIVE
ìgbeyàwó,POSITIVE
fire,POSITIVE
dákun,POSITIVE
foyin,POSITIVE
olúọ̀run,POSITIVE
wuni lorii,POSITIVE
roju,POSITIVE
idande,POSITIVE
àjẹmọ́nú,POSITIVE
alárà,POSITIVE
ronu,POSITIVE
ṣatilẹyin,POSITIVE
ibòji,POSITIVE
káràmásìkí,POSITIVE
ìròrùn,POSITIVE
ìmọ̀,POSITIVE
lóòótọ́,POSITIVE
jáfáfá,POSITIVE
gbowó,POSITIVE
kansárá,POSITIVE
gidi,POSITIVE
lanu,POSITIVE
dẹkun,POSITIVE
gbówó,POSITIVE
jẹ́rìí,POSITIVE
aláwàdà,POSITIVE
pani lẹ́rìnín,POSITIVE
sòdodo,POSITIVE
tẹ̀rín,POSITIVE
dẹrún,POSITIVE
lọ́rẹ,POSITIVE
èlédùà,POSITIVE
ńyọ̀,POSITIVE
ìdẹra,POSITIVE
gbérí,POSITIVE
ona abayo,POSITIVE
olúborí,POSITIVE
kẹ́sẹjárí,POSITIVE
mùdùnmùdùn,POSITIVE
láàánú,POSITIVE
ọ̀tọ̀kùlú,POSITIVE
rọ́wọ́ họrí,POSITIVE
ọ̀nà àbáyọ,POSITIVE
dáa,POSITIVE
ìwọ̀túnìwòsì,POSITIVE
kedumare,POSITIVE
lòfẹ́,POSITIVE
ọlọgbọ́n,POSITIVE
láárí,POSITIVE
ọ̀làjú,POSITIVE
aláìjẹ̀bi,POSITIVE
sooto,POSITIVE
yan fanda fanda,POSITIVE
rerin,POSITIVE
dẹ́kun,POSITIVE
faari,POSITIVE
iyebíye,POSITIVE
idariji,POSITIVE
òwò,POSITIVE
ìgbafẹ́,POSITIVE
aláìṣẹ̀,POSITIVE
lọ́yàyà,POSITIVE
ìtura,POSITIVE
yàn,POSITIVE
ise takuntakun,POSITIVE
jesu,POSITIVE
tiju,POSITIVE
yin,POSITIVE
orofe,POSITIVE
te wa lowo,POSITIVE
farabalẹ̀,POSITIVE
gba,POSITIVE
ayewo,POSITIVE
eyọ̀kan,POSITIVE
ẹ̀yẹ,POSITIVE
olómìnira,POSITIVE
rọ́jú,POSITIVE
lẹtọ,POSITIVE
dudu,POSITIVE
ẹ̀ṣẹ́,POSITIVE
ọgaogo,POSITIVE
jehofah,POSITIVE
pataki pataki,POSITIVE
èjìgbàrà ìlèkè,POSITIVE
gaa,POSITIVE
re,POSITIVE
ojume re,POSITIVE
awẹdẹ,POSITIVE
iyùn,POSITIVE
da,POSITIVE
tó ómó ré,POSITIVE
àjígẹ̀,POSITIVE
àjíkí,POSITIVE
fẹ̀,POSITIVE
ìràwọ̀,POSITIVE
àníyàn,POSITIVE
ìtànná,POSITIVE
arewà,POSITIVE
asoromaye,POSITIVE
mọ̀jà mọ̀sá,POSITIVE
lakínkanjú,POSITIVE
ba ti se,POSITIVE
ri ba ti se,POSITIVE
inu mii dun,POSITIVE
o la fiwe,POSITIVE
wáhídù,POSITIVE
lọ́láa wáhídù,POSITIVE
ọmọlúàb,POSITIVE
báríkà,POSITIVE
lọ́láa,POSITIVE
ohun kan,POSITIVE
imo,POSITIVE
ọmọ rere,POSITIVE
elédùwà,POSITIVE
darandaran,POSITIVE
idakẹjẹ,POSITIVE
eṣinṣin,POSITIVE
oba,POSITIVE
oloun,POSITIVE
idaji owo osu,POSITIVE
kabiesi,POSITIVE
tó,POSITIVE
èye,POSITIVE
nkan èye,POSITIVE
pidan,POSITIVE
eja nla,POSITIVE
de ònà,POSITIVE
alaja,POSITIVE
mi owon,POSITIVE
ìrírí ayé,POSITIVE
onífèrè,POSITIVE
mimo,POSITIVE
eleda,POSITIVE
ateriba,POSITIVE
ifa,POSITIVE
fore,POSITIVE
ya,POSITIVE
moferan,POSITIVE
layerere,POSITIVE
ẹ̀rí ìfẹ́,POSITIVE
edùmarè,POSITIVE
kristi,POSITIVE
ìbálòpọ̀,POSITIVE
dara po,POSITIVE
ìjọba àpapọ̀,POSITIVE
ṣé ún,POSITIVE
àkòyàib,POSITIVE
àdélébáre,POSITIVE
kore,POSITIVE
ayęyę,POSITIVE
ilu oba,POSITIVE
onílé idẹ,POSITIVE
gbe wa,POSITIVE
oògùn,POSITIVE
yo,POSITIVE
asofin,POSITIVE
ṣáṣamùrá,POSITIVE
lọ́kẹ̀ẹ́ ẹ̀kún,POSITIVE
ala,POSITIVE
musàn,POSITIVE
ise opoloiwaju,POSITIVE
omi,POSITIVE
lẹ̀rọ̀,POSITIVE
ọba,POSITIVE
àrán,POSITIVE
ko,POSITIVE
àjogúnbá,POSITIVE
ìṣẹ̀ṣe,POSITIVE
ìdáwọ́lé,POSITIVE
ina,POSITIVE
o da be,POSITIVE
oree,POSITIVE
adániwáyè,POSITIVE
larug,POSITIVE
inu mi dun,POSITIVE
yè,POSITIVE
àwòmọ́jú,POSITIVE
àtunṣe,POSITIVE
duro,POSITIVE
atileyin,POSITIVE
seleri,POSITIVE
raaraa,POSITIVE
sakọ,POSITIVE
adọgbadelẹ,POSITIVE
lai lábùkù,POSITIVE
iyawo,POSITIVE
ologbonoro,POSITIVE
imuse,POSITIVE
imo toto,POSITIVE
ye,POSITIVE
omo iya,POSITIVE
eto,POSITIVE
eriokan,POSITIVE
oun ini,POSITIVE
oro iyanju,POSITIVE
afúnni,POSITIVE
ìwà,POSITIVE
fadura,POSITIVE
dede,POSITIVE
mìgboro,POSITIVE
olórun,POSITIVE
atupa,POSITIVE
tẹlẹ jẹjẹ,POSITIVE
ri baa tisheee,POSITIVE
emi asika,POSITIVE
fowo wewo,POSITIVE
mo,POSITIVE
fẹ́ni,POSITIVE
pẹ̀lẹ́,POSITIVE
ṣe pẹ̀lẹ́,POSITIVE
àkàrà,POSITIVE
ọdun,POSITIVE
gbéra,POSITIVE
iṣẹ́,POSITIVE
ilẹ̀ tútù,POSITIVE
kọ́ni,POSITIVE
e se gan,POSITIVE
lekenka,POSITIVE
oye a mori ooo oo,POSITIVE
oye,POSITIVE
ranti,POSITIVE
rokà,POSITIVE
pọntí,POSITIVE
ìgbéyàwó,POSITIVE
ẹlẹ́dàá,POSITIVE
yín,POSITIVE
tobi,POSITIVE
ọ̀nà á ṣí,POSITIVE
ọ̀nà á là,POSITIVE
ajirebi,POSITIVE
eleduwa,POSITIVE
àkàndá,POSITIVE
rorun,POSITIVE
daraki,POSITIVE
la,POSITIVE
lákọ̀tun,POSITIVE
rékọjá,POSITIVE
kún,POSITIVE
opé,POSITIVE
opolo,POSITIVE
ìmò,POSITIVE
ata jere oja,POSITIVE
ata jere,POSITIVE
owó so owó pò,POSITIVE
akin,POSITIVE
ò gbọdọ̀ ṣojo,POSITIVE
ọpọlọ,POSITIVE
karaole,POSITIVE
farigawon,POSITIVE
jẹ,POSITIVE
ẹja,POSITIVE
akàn,POSITIVE
gbamu gbamu,POSITIVE
jigi jigi,POSITIVE
ìgbàlódé,POSITIVE
gbọ́mọ pọ̀n,POSITIVE
dọlọ́mọ,POSITIVE
ọ̀wọ̀ rere,POSITIVE
alaafin,POSITIVE
kọjá,POSITIVE
àjànàkú,POSITIVE
ńfẹ́,POSITIVE
ajitanawo,POSITIVE
aseyisemi,POSITIVE
fìwàjoyè,POSITIVE
shaye,POSITIVE
shay,POSITIVE
ori,POSITIVE
ìfọ̀rọ̀jomitoroọ̀rọ̀,POSITIVE
igbayegbadun,POSITIVE
lẹ́kọ̀ọ́,POSITIVE
owóìpè,POSITIVE
ṣèfà,POSITIVE
dagba,POSITIVE
wo,POSITIVE
òkè,POSITIVE
pọ̀,POSITIVE
òṣùpà,POSITIVE
ilé ọba,POSITIVE
tanná,POSITIVE
yanu,POSITIVE
olugbala,POSITIVE
gun,POSITIVE
ṣẹ́kù,POSITIVE
naira,POSITIVE
oadupe,POSITIVE
kokoro,POSITIVE
àwámârídìí,POSITIVE
gbè,POSITIVE
sógbón,POSITIVE
ipa,POSITIVE
olori,POSITIVE
ìṣítí,POSITIVE
ọ̀rọ̀ ìṣítí,POSITIVE
ejówò,POSITIVE
mura,POSITIVE
mura sise,POSITIVE
pe lowo eni,POSITIVE
ìkíni ọlọ́yàyà,POSITIVE
lọ́pọlọ,POSITIVE
gbọ́ àdúrà,POSITIVE
idasile,POSITIVE
pupó,POSITIVE
rúwé,POSITIVE
á rúwé,POSITIVE
àse,POSITIVE
ifẹ,POSITIVE
ọlọrun,POSITIVE
ọlọhun,POSITIVE
kan saara,POSITIVE
o ni pare,POSITIVE
saara,POSITIVE
gbewa,POSITIVE
sòsé,POSITIVE
ileke,POSITIVE
mo re,POSITIVE
bá ò kú,POSITIVE
àtọ̀yè,POSITIVE
ya abo,POSITIVE
oojire,POSITIVE
imo sokan,POSITIVE
amii,POSITIVE
ọ̀pọ̀,POSITIVE
satileyin,POSITIVE
gbekele,POSITIVE
ateramoshe,POSITIVE
alase,POSITIVE
ki,POSITIVE
alayelua,POSITIVE
orisa,POSITIVE
lélẹ̀,POSITIVE
amìn,POSITIVE
dòòṣà,POSITIVE
àjíkì,POSITIVE
dakin,POSITIVE
ère,POSITIVE
nla,POSITIVE
ajuwaase,POSITIVE
owó tabua,POSITIVE
kun,POSITIVE
ẹ kú ọdún,POSITIVE
emi,POSITIVE
ojoola,POSITIVE
ńbẹ,POSITIVE
allahu rabi,POSITIVE
musulumi,POSITIVE
badun,POSITIVE
tokantokan,POSITIVE
pọ́n,POSITIVE
òṣùṣù ọwọ̀,POSITIVE
àdùfẹ́,POSITIVE
ta,POSITIVE
jó,POSITIVE
dìkòtó,POSITIVE
pa ẹnu pọ̀,POSITIVE
fedumare,POSITIVE
opo,POSITIVE
gbón,POSITIVE
fokanbale,POSITIVE
toluwa,POSITIVE
so gbon,POSITIVE
te araye lorun,POSITIVE
ṣọgbọ́n,POSITIVE
igbala,POSITIVE
baale oro,POSITIVE
for,POSITIVE
ofe,POSITIVE
iwosan ofe,POSITIVE
iwunilori,POSITIVE
midun,POSITIVE
inu midun,POSITIVE
ilumọọka,POSITIVE
jésù,POSITIVE
yó,POSITIVE
wàrà,POSITIVE
àjà ṣẹ́gun,POSITIVE
sanmi,POSITIVE
ekun,POSITIVE
gidigan,POSITIVE
tutù,POSITIVE
lẹ̀ṣọ́,POSITIVE
ìkúnlẹ̀ ẹsẹ̀ méjèèjì,POSITIVE
ìkúnlẹ̀,POSITIVE
mọ́,POSITIVE
kòńgẹ́,POSITIVE
feni,POSITIVE
iṣẹ́ òòjọ́ọ,POSITIVE
ọlọ́pọlọ pípé,POSITIVE
ọlọ́pọlọ,POSITIVE
ade,POSITIVE
ògbóǹtarigi,POSITIVE
ikú dóró,POSITIVE
di ẹni ilẹ̀,POSITIVE
sayeye,POSITIVE
ojobi,POSITIVE
o ṣeun,POSITIVE
àkàrà òyìnbò,POSITIVE
sàmóndún,POSITIVE
lé,POSITIVE
oselu,POSITIVE
saan,POSITIVE
solore,POSITIVE
gíga,POSITIVE
agbára,POSITIVE
ibi gíga,POSITIVE
ẹsẹ́,POSITIVE
péye,POSITIVE
ìlera tó péye,POSITIVE
yan,POSITIVE
ìpín,POSITIVE
inù wá dun,POSITIVE
lagbọ́n,POSITIVE
rẹpẹtẹ,POSITIVE
kẹ́,POSITIVE
ran,POSITIVE
àpónlé,POSITIVE
dágbá,POSITIVE
ìsinm,POSITIVE
igbagbo,POSITIVE
olóhun,POSITIVE
sówó,POSITIVE
lámọ̀dún,POSITIVE
orisun,POSITIVE
lowo,POSITIVE
túnṣe,POSITIVE
rẹrù,POSITIVE
àdániwáyé,POSITIVE
pẹ́ láyé,POSITIVE
wúre,POSITIVE
olojo ibi,POSITIVE
pipe,POSITIVE
ajiginni,POSITIVE
e se e gan,POSITIVE
ínúure,POSITIVE
lonínúure,POSITIVE
balẹ̀,POSITIVE
ńmọ́,POSITIVE
ọ̀tún,POSITIVE
lọpọlọpọ,POSITIVE
wara,POSITIVE
yan fanda,POSITIVE
elétígbàròyé,POSITIVE
towó,POSITIVE
tọmọ,POSITIVE
jeun,POSITIVE
tọ́,POSITIVE
se temi,POSITIVE
la dura,POSITIVE
lókè,POSITIVE
gòkè,POSITIVE
yángan,POSITIVE
ṣàna,POSITIVE
totọ,POSITIVE
ronu jinle,POSITIVE
lèsó,POSITIVE
pami lerin,POSITIVE
bẹ̀,POSITIVE
eré,POSITIVE
ojú rere,POSITIVE
jagunlabí,POSITIVE
dàgbà,POSITIVE
dogbon,POSITIVE
é se,POSITIVE
se,POSITIVE
inu mi din,POSITIVE
iyebiye,POSITIVE
o ni arinrin,POSITIVE
aadun,POSITIVE
arinrin,POSITIVE
láì jáfara,POSITIVE
iwájú,POSITIVE
ládé orí,POSITIVE
ààfin,POSITIVE
ádé,POSITIVE
atera mose,POSITIVE
gbeke le,POSITIVE
dàda,POSITIVE
ọrọ̀ ajé,POSITIVE
ṣẹ̀ṣẹ̀,POSITIVE
yẹyẹlé,POSITIVE
rọ àdàbà lọ́rùn,POSITIVE
ìwà rere,POSITIVE
ose,POSITIVE
isowo po,POSITIVE
agbofin ro,POSITIVE
ayajo,POSITIVE
samodun,POSITIVE
àìkúàlàáfíàajé,POSITIVE
layẹyẹ,POSITIVE
pẹ́,POSITIVE
oge,POSITIVE
ọláńrewájú,POSITIVE
dùn ún wò,POSITIVE
lápa,POSITIVE
lápá,POSITIVE
oníwà tútù,POSITIVE
lànà,POSITIVE
ibere,POSITIVE
fe,POSITIVE
irawo owuro,POSITIVE
nitanna ipado,POSITIVE
inudidun,POSITIVE
ìkànsíraẹni,POSITIVE
erin,POSITIVE
gbàmọ̀ràn,POSITIVE
òlòrun,POSITIVE
òlòrūn,POSITIVE
pambotorìbótó,POSITIVE
ódùn,POSITIVE
ọlọ́mọ,POSITIVE
irawo,POSITIVE
ọtí,POSITIVE
ewé ńlá,POSITIVE
gíga gíga,POSITIVE
je,POSITIVE
àgùtàn,POSITIVE
wájú,POSITIVE
feso,POSITIVE
ómó ókò,POSITIVE
ókò,POSITIVE
gọbọi,POSITIVE
àṣẹ́,POSITIVE
ọ̀yọ́ojúlówó,POSITIVE
iṣẹ́ takuntakun,POSITIVE
gún,POSITIVE
oshe,POSITIVE
ibowo,POSITIVE
tako leko,POSITIVE
níbi gíga,POSITIVE
lékè,POSITIVE
ifè,POSITIVE
àtàtàa,POSITIVE
iyìn,POSITIVE
yìn,POSITIVE
soke,POSITIVE
dáàbò bo,POSITIVE
ajire,POSITIVE
gbérù dórí,POSITIVE
adawole,POSITIVE
foluwa,POSITIVE
gbá orókè,POSITIVE
orókè,POSITIVE
ẹ̀rọ̀ pẹ̀sẹ̀,POSITIVE
alagbara,POSITIVE
ohun meremere,POSITIVE
gbeyin leke,POSITIVE
ọlọ́un,POSITIVE
áṣẹ,POSITIVE
aami,POSITIVE
aforijin,POSITIVE
alekun,POSITIVE
koja,POSITIVE
iyo,POSITIVE
ndun,POSITIVE
modupẹ,POSITIVE
akotun,POSITIVE
lère,POSITIVE
arugbo,POSITIVE
afunni ma siregun,POSITIVE
elédùmárè,POSITIVE
òlooto,POSITIVE
féràn,POSITIVE
kaleluya,POSITIVE
tòotòo,POSITIVE
ami,POSITIVE
jí sówó,POSITIVE
emi ase opo e,POSITIVE
san ni,POSITIVE
àṣẹjèrè,POSITIVE
jàre,POSITIVE
bùn,POSITIVE
jọba,POSITIVE
fowo osi juwe ile,POSITIVE
olupamo,POSITIVE
olulana,POSITIVE
wumi,POSITIVE
yanjú,POSITIVE
oríadé,POSITIVE
oríyọmí,POSITIVE
ìsimi,POSITIVE
moriri,POSITIVE
a kú ọdún,POSITIVE
olubori,POSITIVE
ènìyàn pàtàkì,POSITIVE
ẹ̀tọ,POSITIVE
tepa mo ise,POSITIVE
àjàjà ṣẹ́gun,POSITIVE
oro ishiti,POSITIVE
ishiti,POSITIVE
eso,POSITIVE
ìlérí,POSITIVE
mafo,POSITIVE
àníkún,POSITIVE
àwòrò ṣàṣà,POSITIVE
gbe mi ga,POSITIVE
régé,POSITIVE
ewúro,POSITIVE
kodunkopokope,POSITIVE
kopokope,POSITIVE
oŕirè,POSITIVE
ọ̀rọ̀,POSITIVE
sọ́mọ́,POSITIVE
àìkú baálẹ̀ ọ̀rọ̀,POSITIVE
oremi,POSITIVE
ibi giga,POSITIVE
giga,POSITIVE
ruburubu,POSITIVE
oògùn ìlera,POSITIVE
akọni,POSITIVE
ẹ̀tọ́,POSITIVE
ọmọ ìyá,POSITIVE
tówó,POSITIVE
bemi,POSITIVE
ọfẹ,POSITIVE
ona shi,POSITIVE
ojumare,POSITIVE
ona la,POSITIVE
jiree,POSITIVE
e wa,POSITIVE
àfojúsùn,POSITIVE
àtúntò,POSITIVE
kunju osunwon,POSITIVE
ojogbon,POSITIVE
ara wa lọ́yẹ̀,POSITIVE
fọ̀wọ̀,POSITIVE
se jeje,POSITIVE
ojiire,POSITIVE
aajiirebi,POSITIVE
ọdún tuntun,POSITIVE
isiti,POSITIVE
oro isiti,POSITIVE
aìkú báàlẹ̀ ọrọ̀,POSITIVE
yẹni,POSITIVE
ilekun ayo,POSITIVE
aaji re bi,POSITIVE
asè,POSITIVE
dárí ji,POSITIVE
gbayì,POSITIVE
ẹ ṣe,POSITIVE
ailopin,POSITIVE
fola,POSITIVE
laroge,POSITIVE
asode dero,POSITIVE
ladua,POSITIVE
tọ́jú,POSITIVE
darijì,POSITIVE
a ku odun,POSITIVE
afárá oyin,POSITIVE
ẹni gíga,POSITIVE
di ẹni gíga,POSITIVE
ireoooo,POSITIVE
aseooo,POSITIVE
towotowo,POSITIVE
ajuwa,POSITIVE
ajuwa se,POSITIVE
kó rọ̀,POSITIVE
se opo re,POSITIVE
fokan tan,POSITIVE
ileri,POSITIVE
àgbájọwọ́,POSITIVE
gbẹ́rù dórí,POSITIVE
finú ṣoyún,POSITIVE
boríi,POSITIVE
ọ̀pọ̀tọ́,POSITIVE
wura iyebiye,POSITIVE
fi orun ke,POSITIVE
dagagia,POSITIVE
yọrí sí rere,POSITIVE
onibuore,POSITIVE
afunni,POSITIVE
atogbojule,POSITIVE
afani,POSITIVE
poposinsin,POSITIVE
kálà,POSITIVE
ò fẹ́ kákú,POSITIVE
peye,POSITIVE
dìde,POSITIVE
lase,POSITIVE
eduwa,POSITIVE
lédè,POSITIVE
tù wá lára,POSITIVE
dògbó,POSITIVE
láya,POSITIVE
débi àìkú wà,POSITIVE
bímọ,POSITIVE
ipo,POSITIVE
làwúre,POSITIVE
dún,POSITIVE
dídún,POSITIVE
ekù odûn,POSITIVE
emi ase pupô,POSITIVE
ẹ káre,POSITIVE
kájé,POSITIVE
oludaabobo,POSITIVE
oroaje,POSITIVE
ọgbọ̀n,POSITIVE
olódùmàrè,POSITIVE
ṣoore,POSITIVE
asamodun,POSITIVE
ra mi pada,POSITIVE
ọjọ́,POSITIVE
soun nla,POSITIVE
í rẹ,POSITIVE
láàp,POSITIVE
mú ojú to,POSITIVE
ìpamọ́,POSITIVE
ayajo ololufe,POSITIVE
arikose,POSITIVE
loke,POSITIVE
ohun rere,POSITIVE
òmìnirahappy,POSITIVE
ipalemo,POSITIVE
àjọdún,POSITIVE
imura,POSITIVE
àléefà,POSITIVE
aigbagbe,POSITIVE
kanke,POSITIVE
arintakiti,POSITIVE
ọmọ olúwa bí,POSITIVE
maduro,POSITIVE
makanju,POSITIVE
mansaré,POSITIVE
sa,POSITIVE
opolopo,POSITIVE
kàṣàì tù wá,POSITIVE
pinnu,POSITIVE
ekunrere,POSITIVE
gan,POSITIVE
pẹlẹ,POSITIVE
kere,POSITIVE
kere oko,POSITIVE
akunwosile,POSITIVE
jègbádùn,POSITIVE
púpọ̀,POSITIVE
aà jíire,POSITIVE
ndeni giga,POSITIVE
good,POSITIVE
láṣẹ,POSITIVE
àtowó,POSITIVE
nfowó,POSITIVE
rólówó,POSITIVE
lọ̀rẹ̀ẹ́,POSITIVE
simi,POSITIVE
parakoyi,POSITIVE
ma de be ma tu koja,POSITIVE
ọ̀sẹ̀,POSITIVE
àsè yí sàmóndún,POSITIVE
ọkàn wa a balẹ̀,POSITIVE
a ò níí rí ìdààmú,POSITIVE
aiku baale oro,POSITIVE
o se,POSITIVE
asentedumare,POSITIVE
ayanmo,POSITIVE
gbemi leke,POSITIVE
ṣe ara lóore,POSITIVE
àmúaradàgbà,POSITIVE
lágbára,POSITIVE
yọn gàn,POSITIVE
so,POSITIVE
òṣùpá,POSITIVE
síwájú,POSITIVE
ìràwọ̀ òwúrò,POSITIVE
ìtànná ipadò,POSITIVE
konge,POSITIVE
congratulations,POSITIVE
ọrẹ́,POSITIVE
tù,POSITIVE
odun a yabo,POSITIVE
pele,POSITIVE
o jire,POSITIVE
ori e pe,POSITIVE
ore ọ̀fẹ́,POSITIVE
ọ̀fẹ́,POSITIVE
olaju,POSITIVE
kori,POSITIVE
yaso,POSITIVE
atare,POSITIVE
karo,POSITIVE
lọ́tùnún,POSITIVE
yi,POSITIVE
ọlọ́hun,POSITIVE
ìrèké,POSITIVE
ìṣúra,POSITIVE
ọ́dún,POSITIVE
wawa,POSITIVE
lèdùà,POSITIVE
kọ́dún,POSITIVE
pẹ̀tù,POSITIVE
pírí lolongo ńj,POSITIVE
inu mi tie dun,POSITIVE
dan moran,POSITIVE
inu,POSITIVE
oji ire,POSITIVE
oyinbo,POSITIVE
déédéé,POSITIVE
àdáwọ́léè,POSITIVE
tẹ̀pá ìlẹ̀kẹ̀,POSITIVE
o dodo,POSITIVE
kàbìti,POSITIVE
ọjọ àlayọ̀,POSITIVE
àyájọ́,POSITIVE
layọ̀,POSITIVE
ràbàtá,POSITIVE
amen,POSITIVE
á ṣẹ,POSITIVE
ibòoji,POSITIVE
ìwòsàn,POSITIVE
happy,POSITIVE
jòwó,POSITIVE
edua,POSITIVE
wọ́mọ,POSITIVE
wówó,POSITIVE
àtubọ̀tán,POSITIVE
ówó,POSITIVE
ọ́mọ,POSITIVE
accept,POSITIVE
sun,POSITIVE
mọ̀nràìnmọrain,POSITIVE
ólódùmarè,POSITIVE
powó,POSITIVE
yẹ mí,POSITIVE
kilo,POSITIVE
ire kàbìtì,POSITIVE
laaye,POSITIVE
ami eye,POSITIVE
ka wa ye,POSITIVE
sanra,POSITIVE
àtẹ̀pẹ́,POSITIVE
esè,POSITIVE
kutuojire,POSITIVE
òmìrán,POSITIVE
olórí ire,POSITIVE
apọ́nbéporẹ́,POSITIVE
dúdúriri,POSITIVE
ko pangara,POSITIVE
ori ire,POSITIVE
gbe ala,POSITIVE
oòjíire,POSITIVE
ire gbogbo,POSITIVE
gbàbòdè,POSITIVE
gbémi,POSITIVE
ẹ ku ọdún,POSITIVE
aabo,POSITIVE
dup,POSITIVE
lojo ibi,POSITIVE
àṣèyí,POSITIVE
ṣàmọ́dún,POSITIVE
àbùṣe,POSITIVE
àbùṣe ti bùṣe,POSITIVE
mojúbà,POSITIVE
kérè oko,POSITIVE
ni simi,POSITIVE
ilani loye,POSITIVE
juba,POSITIVE
pelepele,POSITIVE
àlùmọ́ọ́nì,POSITIVE
àmúṣagbára,POSITIVE
ohun àlùmọ́ọ́nì,POSITIVE
ìrànwọ́,POSITIVE
feku,POSITIVE
rẹ́rẹ́,POSITIVE
àpésìn,POSITIVE
kabiosi,POSITIVE
ọpẹ,POSITIVE
wíbẹ̀jẹ́bẹ̀,POSITIVE
inu wa dun,POSITIVE
arawa ya,POSITIVE
amojuba,POSITIVE
sunre,POSITIVE
sùnre,POSITIVE
iyinati,POSITIVE
ire kìrìbìtì,POSITIVE
kìrìbìtì,POSITIVE
àdúrà ó gbà,POSITIVE
inú,POSITIVE
oosa,POSITIVE
aláwo ire,POSITIVE
onieledumare,POSITIVE
àsẹ̀,POSITIVE
ifá,POSITIVE
apesin,POSITIVE
idẹ,POSITIVE
àrìnnà kore,POSITIVE
daa,POSITIVE
ajípọjọ́ikúdà,POSITIVE
iyè àìnípẹ̀kun,POSITIVE
àjínde,POSITIVE
olùgbàlà,POSITIVE
iyè,POSITIVE
se amodun,POSITIVE
aku odun,POSITIVE
gbèmí,POSITIVE
eda,POSITIVE
jaiye,POSITIVE
báre,POSITIVE
onírè,POSITIVE
oôdun,POSITIVE
moire,POSITIVE
àfòyà,POSITIVE
iron,POSITIVE
iṣẹ́ rẹpẹtẹ,POSITIVE
anikun,POSITIVE
anikun owo,POSITIVE
ise akoni,POSITIVE
akoni,POSITIVE
yọ̀ ṣẹ̀ṣẹ̀,POSITIVE
ojumo ire,POSITIVE
àdáwọ́lé,POSITIVE
ajinde ara,POSITIVE
osupa,POSITIVE
yèyé,POSITIVE
wàláhì,POSITIVE
iwajuiwaju,POSITIVE
ami ayo,POSITIVE
donígba aṣọ,POSITIVE
towo towo,POSITIVE
á júṣe,POSITIVE
júṣe,POSITIVE
ṣàdúrà,POSITIVE
olojoibi,POSITIVE
ku ori ire,POSITIVE
ise ribiribi,POSITIVE
idekun,POSITIVE
wulo,POSITIVE
ifagagbaga,POSITIVE
dá wa sí,POSITIVE
ọ̀wọ̀,POSITIVE
láǹfààní,POSITIVE
oye amo ori,POSITIVE
ìgbàlà,POSITIVE
fiyọ̀,POSITIVE
orí ire o,POSITIVE
pọpọ sinsin,POSITIVE
abiyamo,POSITIVE
ẹ dákun,POSITIVE
làlùyọ,POSITIVE
ràn mí lọ́wọ́,POSITIVE
waire,POSITIVE
aseyi semi,POSITIVE
rubo,POSITIVE
oireayo,POSITIVE
ọba òkè,POSITIVE
àpèmọ́nra,POSITIVE
fẹ ǹkan ṣe,POSITIVE
àìkúbaálẹ̀ọrọ̀,POSITIVE
baálẹ̀ọrọ̀,POSITIVE
gbé,POSITIVE
batise,POSITIVE
aori batise,POSITIVE
aori ona gbe gba,POSITIVE
jare,POSITIVE
fara,POSITIVE
ọwọ́,POSITIVE
títóbilolúwa,POSITIVE
títóbi,POSITIVE
ibujoko,POSITIVE
ire ràbàtà,POSITIVE
ire ẹ̀rìmọ̀ẹ̀rìmọ̀,POSITIVE
ajẹ́,POSITIVE
oro aje,POSITIVE
ìsimin,POSITIVE
táyọ̀,POSITIVE
omo tuntun,POSITIVE
boseere,POSITIVE
jàrè,POSITIVE
àṣoṣùmoṣù,POSITIVE
afẹ́rẹ́,POSITIVE
aferi,POSITIVE
iwuye,POSITIVE
odaa,POSITIVE
áá ṣẹ,POSITIVE
niwaju,POSITIVE
lotun,POSITIVE
egbe,POSITIVE
oke,POSITIVE
àjólọsíwájú,POSITIVE
beeni kori,POSITIVE
aase,POSITIVE
edunmare,POSITIVE
kólà,POSITIVE
ọmọaṣehunribiti,POSITIVE
sun re,POSITIVE
ataare,POSITIVE
kí n jó,POSITIVE
gbàlù,POSITIVE
oludari,POSITIVE
ogoiyin,POSITIVE
o ṣé,POSITIVE
iope,POSITIVE
alaise,POSITIVE
lọgbọ́n,POSITIVE
igba ope,POSITIVE
allah,POSITIVE
idahun,POSITIVE
aku iyedun,POSITIVE
òṣùbà sàńdákátà,POSITIVE
ìyànpadà sípò,POSITIVE
òṣùbà,POSITIVE
sáfẹ́fẹ́,POSITIVE
pa ọ̀nà,POSITIVE
dán gbinrin,POSITIVE
fimi lokan bale,POSITIVE
ona mi la,POSITIVE
fe ran,POSITIVE
pase,POSITIVE
jọ̀wọ́,POSITIVE
tuntu,POSITIVE
mòlúmọ̀ọ́ká,POSITIVE
òdú,POSITIVE
lọjọ́ ìbí,POSITIVE
fọ́lọ́run,POSITIVE
dawole,POSITIVE
dágbére,POSITIVE
àṣẹ̀,POSITIVE
epo robi,POSITIVE
pírí lolongo ń jí,POSITIVE
wà á dàgbà,POSITIVE
èdùmarè,POSITIVE
fọ́mọlúàbí,POSITIVE
ríbá,POSITIVE
ajín,POSITIVE
kíbà,POSITIVE
fólódùmarè,POSITIVE
aṣèyíówùú,POSITIVE
ajàfẹ́tọ̀ọ́,POSITIVE
asúré,POSITIVE
modup,POSITIVE
oju rere,POSITIVE
ayarabiasa,POSITIVE
owoire,POSITIVE
opon ayo,POSITIVE
kilọ,POSITIVE
alèwílèṣe,POSITIVE
dábírà,POSITIVE
pe ye,POSITIVE
e ku ise,POSITIVE
ire fẹ̀nfẹ̀,POSITIVE
ire rìbìtì,POSITIVE
ire ẹ̀rìmọ̀,POSITIVE
fara sin,POSITIVE
tẹ́rùn,POSITIVE
parada,POSITIVE
òrìṣà,POSITIVE
ògúngúnnìsọ̀,POSITIVE
oríajé,POSITIVE
àṣírí,POSITIVE
kẹ́rú,POSITIVE
iseeda,POSITIVE
rekorja ewe,POSITIVE
tomo,POSITIVE
eni apewo,POSITIVE
wari,POSITIVE
sise sise,POSITIVE
tètè là,POSITIVE
ijúmó re,POSITIVE
dorirereori,POSITIVE
dorire,POSITIVE
elduda,POSITIVE
ẹ seun,POSITIVE
òyígíyigì,POSITIVE
édùmarè,POSITIVE
oojireaje,POSITIVE
iluoba,POSITIVE
olùdarí,POSITIVE
ri batise,POSITIVE
gbegba,POSITIVE
rona gbegba,POSITIVE
aláfíà,POSITIVE
ré sí,POSITIVE
ṣéun,POSITIVE
sáàyè,POSITIVE
nsope,POSITIVE
ọmọkúoótùoòjíire,POSITIVE
omiran,POSITIVE
ọ̀jọ̀gbọ́n,POSITIVE
awíbẹ́ẹ̀jẹ́bẹ́ẹ̀,POSITIVE
latileyin,POSITIVE
ibi ire,POSITIVE
baálẹ̀ ọ̀rọ̀,POSITIVE
bíre,POSITIVE
ṣílé,POSITIVE
shamona,POSITIVE
aniku owo,POSITIVE
aniku,POSITIVE
ile,POSITIVE
sangba fo,POSITIVE
igbalode,POSITIVE
fọwọ́ ṣosùn,POSITIVE
ategun,POSITIVE
èlédùwà,POSITIVE
laṣẹ,POSITIVE
bùyọ,POSITIVE
ayé,POSITIVE
ore ofe,POSITIVE
aamin,POSITIVE
okanbale,POSITIVE
ẹ̀tọ́ọ,POSITIVE
lewa,POSITIVE
laye,POSITIVE
dami si,POSITIVE
juse,POSITIVE
bale,POSITIVE
okan yin a bale,POSITIVE
ara a tu yin,POSITIVE
tu,POSITIVE
sun re ooo,POSITIVE
ayun bo,POSITIVE
ayun lo,POSITIVE
a laanu,POSITIVE
àfòyà ibi,POSITIVE
loluwa,POSITIVE
gbè mi,POSITIVE
ako sara,POSITIVE
ijo ope,POSITIVE
àmínàṣẹ,POSITIVE
ṣakitiyan,POSITIVE
gbẹ́sẹ̀ lé ẹ̀tọ́ọ̀,POSITIVE
afefe,POSITIVE
ṣàìtọ̀míwá,POSITIVE
ajíṣere,POSITIVE
gbà mí là,POSITIVE
lokun,POSITIVE
agbara,POSITIVE
aja bo,POSITIVE
ir,POSITIVE
tọ̀yà tọ̀yà,POSITIVE
ṣìrìn,POSITIVE
á ṣe,POSITIVE
muyin,POSITIVE
rije,POSITIVE
rimu,POSITIVE
kérésìmesì,POSITIVE
ayélujára,POSITIVE
se o,POSITIVE
ajíríre,POSITIVE
bale oro,POSITIVE
daajumose,POSITIVE
patewo,POSITIVE
ajiki,POSITIVE
ajige,POSITIVE
oadúpẹ́,POSITIVE
òkè la,POSITIVE
ọ̀pẹ̀,POSITIVE
jimoh,POSITIVE
amodun,POSITIVE
lókè lókèe,POSITIVE
ẹ̀mí á ṣọ̀pọ̀,POSITIVE
fowó,POSITIVE
dandanǹdan,POSITIVE
oòduà,POSITIVE
láṣe,POSITIVE
alápáńlá,POSITIVE
kábíyèsí,POSITIVE
lòrìṣà,POSITIVE
áìkú,POSITIVE
láìkú,POSITIVE
àpèkánukò,POSITIVE
ọlásùnlọ́lá,POSITIVE
orunmila,POSITIVE
otelemuye,POSITIVE
ọmọ ọkọ,POSITIVE
de,POSITIVE
òmíràn,POSITIVE
fọwọ́sí,POSITIVE
edumareàṣẹ,POSITIVE
ori yin o pe,POSITIVE
oke agba,POSITIVE
gun oke agba,POSITIVE
ọ̀pẹ,POSITIVE
ògó,POSITIVE
korikosun,POSITIVE
tọ̀nà,POSITIVE
pẹ̀lẹ̀,POSITIVE
ẹni re,POSITIVE
inu mi se dun,POSITIVE
gbatoju,POSITIVE
sowoomoalaafiaaiku,POSITIVE
ẹ ṣeun,POSITIVE
inú wa ma dùn,POSITIVE
opẹ́,POSITIVE
orun,POSITIVE
ògotí,POSITIVE
abẹ́ ààbò,POSITIVE
lábẹ́ òjì,POSITIVE
ojúmọ́,POSITIVE
ladùn,POSITIVE
láṣẹ́,POSITIVE
ọba lọ́la,POSITIVE
àtẹ̀pẹ̀,POSITIVE
gbe ife,POSITIVE
agbepo,POSITIVE
tirilionu,POSITIVE
gbé yín ga,POSITIVE
gbore,POSITIVE
mope,POSITIVE
adore,POSITIVE
àtẹ̀wá,POSITIVE
àtẹ̀yún,POSITIVE
tẹ̀síwájú,POSITIVE
abiamọ,POSITIVE
ojutu,POSITIVE
rú,POSITIVE
ẹ se,POSITIVE
aseye,POSITIVE
fi erigi jobi,POSITIVE
fi owo pa ewu,POSITIVE
àdáwọ́lẹ́,POSITIVE
yọrí,POSITIVE
iy,POSITIVE
a jii re bi,POSITIVE
jii re,POSITIVE
amo wa lori,POSITIVE
polongo,POSITIVE
gboron,POSITIVE
sọ́pẹ́,POSITIVE
mosọ́pẹ́,POSITIVE
edumareogo,POSITIVE
ijoye,POSITIVE
gbémi lékè,POSITIVE
pa ona wa mo,POSITIVE
layo layo,POSITIVE
alaaye,POSITIVE
ọlọ́run ọba,POSITIVE
níre níre,POSITIVE
ọ̀laọlọ́la,POSITIVE
eso pele,POSITIVE
ìbon,POSITIVE
ọlọ́nàọlà,POSITIVE
lọ́ba,POSITIVE
atike,POSITIVE
ànọ́bì,POSITIVE
mùsùlùmì,POSITIVE
mùọ́mọ́dù,POSITIVE
dẹlẹ̀,POSITIVE
wẹ́rẹ́,POSITIVE
oloorun,POSITIVE
mo dupe,POSITIVE
kòóngẹ́,POSITIVE
àìgbàgbé,POSITIVE
àmí,POSITIVE
ṣọra,POSITIVE
e seun,POSITIVE
ọlọ́jọ́ ìbí,POSITIVE
omolafe,POSITIVE
alákọ̀wé,POSITIVE
petele,POSITIVE
lorun,POSITIVE
dupegbogbo,POSITIVE
alatileyin,POSITIVE
ayérayé,POSITIVE
kòńgẹ́ ire,POSITIVE
a dupe,POSITIVE
olúwanífẹ̀ẹ́mi,POSITIVE
aṣẹ,POSITIVE
oga,POSITIVE
oosa oke,POSITIVE
láádá,POSITIVE
fọwọ́ páwú,POSITIVE
ferìgì jobì,POSITIVE
ó dára bẹ́ẹ̀,POSITIVE
kókó,POSITIVE
lára yá,POSITIVE
ṣèbà,POSITIVE
olohunse,POSITIVE
mawobe,POSITIVE
fun wa se,POSITIVE
darapo,POSITIVE
da omi síwájú,POSITIVE
odumare,POSITIVE
orin,POSITIVE
àbùùbùtán,POSITIVE
àsọ̀kalẹ̀ ànfààní,POSITIVE
gbóhùn ọmọ,POSITIVE
gbóhùn ìyá,POSITIVE
wolimo,POSITIVE
àmójúbà,POSITIVE
ṣọ́,POSITIVE
ọmọkáàárọ̀oòjíire,POSITIVE
adúpé,POSITIVE
krísítì,POSITIVE
ìkójanuara,POSITIVE
olódùtómarè,POSITIVE
ireákárí,POSITIVE
toyin,POSITIVE
iṣẹ́ ribiribi,POSITIVE
orí yá,POSITIVE
inú dídùn,POSITIVE
rárá,POSITIVE
a gbe e,POSITIVE
mo dúpẹ́,POSITIVE
inú yín á dùn,POSITIVE
fólú ọ̀run,POSITIVE
da muso,POSITIVE
folodumare,POSITIVE
àjọṣe,POSITIVE
pàṣẹ,POSITIVE
lòògùn,POSITIVE
àmín àṣẹ,POSITIVE
iná alẹ́,POSITIVE
ọjọ́bìí,POSITIVE
iba agba,POSITIVE
ó ṣèèwọ̀,POSITIVE
ìpinnu,POSITIVE
òrìṣà òkè,POSITIVE
ọpẹ́ẹ,POSITIVE
ọlọ́pẹ,POSITIVE
odùduwà,POSITIVE
ṣọ́ra,POSITIVE
ogidi,POSITIVE
lọba,POSITIVE
ìmọ̀nràn,POSITIVE
kí,POSITIVE
ẹ̀rín,POSITIVE
ìgbáṣàlárugẹ,POSITIVE
àṣàìgbafẹ́,POSITIVE
iwaju,POSITIVE
àtonímọ̀,POSITIVE
aníbiníran,POSITIVE
òdòdó,POSITIVE
ìlú ọba,POSITIVE
nfìyìn,POSITIVE
dunnú,POSITIVE
ni ira,POSITIVE
tù wọ́n nínú,POSITIVE
ìrètí,POSITIVE
ìnawọ́sí,POSITIVE
bílíọ̀nù,POSITIVE
mílíọ̀nù,POSITIVE
ọ̀rẹ́ ọ̀wọ́n,POSITIVE
ife ẹ̀yẹ,POSITIVE
dálọ́lá,POSITIVE
ìbùkúnun,POSITIVE
lálàáfíà,POSITIVE
wáídù,POSITIVE
bọ́jọ́ yọ,POSITIVE
asokale anfani,POSITIVE
sanu,POSITIVE
oogun,POSITIVE
lékún,POSITIVE
ngbìyànjú,POSITIVE
àtire,POSITIVE
alágbára,POSITIVE
iṣẹ́ọwọ́,POSITIVE
rówó,POSITIVE
òfin,POSITIVE
gbó,POSITIVE
saati,POSITIVE
ọjọ́àìkú,POSITIVE
déédé,POSITIVE
ọdún á yabo,POSITIVE
sagbara dotun,POSITIVE
dotun,POSITIVE
àmọ́dún,POSITIVE
àṣe,POSITIVE
gbàkóso,POSITIVE
rúbọ,POSITIVE
aláálẹ̀,POSITIVE
ṣẹwà,POSITIVE
ẹ̀bun,POSITIVE
dowo,POSITIVE
gbè yín,POSITIVE
káàárọ̀oòjíire,POSITIVE
njayé,POSITIVE
alákẹdun,POSITIVE
niyi,POSITIVE
yọ jọ̀tá lọ,POSITIVE
ọ̀pẹ̀ẹ́,POSITIVE
ànú,POSITIVE
gbà fúnun yín,POSITIVE
inu mi n dun,POSITIVE
àṣarò,POSITIVE
alailegbe,POSITIVE
yùngbà,POSITIVE
alakowe,POSITIVE
lodun,POSITIVE
ṣowó,POSITIVE
wáwó,POSITIVE
iroyin,POSITIVE
dapata,POSITIVE
nitoto,POSITIVE
iṣẹ́ ribi ribi,POSITIVE
àpamọ́wọ́ owó,POSITIVE
jíwa sayé,POSITIVE
bu iyo si,POSITIVE
ògborìgí,POSITIVE
joyè,POSITIVE
jaguda,POSITIVE
ó ṣe,POSITIVE
ìbáwí,POSITIVE
ọlọ́runallah,POSITIVE
adẹ́dàá,POSITIVE
kówó,POSITIVE
òṣìṣẹ́,POSITIVE
ìgàn,POSITIVE
bàmí ńnú jẹ́,POSITIVE
owóo,POSITIVE
gbowo,POSITIVE
yáróbì,POSITIVE
ọmọ ìyá mi,POSITIVE
èrín,POSITIVE
bójú mu,POSITIVE
jẹran,POSITIVE
buyo si,POSITIVE
ìgboro,POSITIVE
tabua,POSITIVE
ọlájú,POSITIVE
fọ́ omi dànù,POSITIVE
ṣòwò,POSITIVE
nìyí,POSITIVE
ńṣàwúre,POSITIVE
ṣàwúre,POSITIVE
ìṣáájú,POSITIVE
posika,POSITIVE
ṣáyó,POSITIVE
lakaaye,POSITIVE
edakun,POSITIVE
afẹ́fẹ́,POSITIVE
góòlù,POSITIVE
sanwó,POSITIVE
aládòóolóró,POSITIVE
wuyì,POSITIVE
sànmọ̀rí,POSITIVE
opelope,POSITIVE
gbara wa sílẹ̀,POSITIVE
olókun,POSITIVE
aṣẹ̀dá,POSITIVE
pe ààrẹ lẹ́jọ́,POSITIVE
dán,POSITIVE
tòrò,POSITIVE
isura,POSITIVE
dandan,POSITIVE
ṣàngó,POSITIVE
tiwantiwa,POSITIVE
ẹ̀míi wa légbodò,POSITIVE
gbeyawo,POSITIVE
ọ̀fẹ̀,POSITIVE
amùṣùà,POSITIVE
ìṣèṣe,POSITIVE
wọ̀rọ̀kọ̀,POSITIVE
oji re,POSITIVE
bẹ ẹ̀rù,POSITIVE
niwa,POSITIVE
sọra,POSITIVE
oto,POSITIVE
ìpọ̀sún,POSITIVE
ìpolówó,POSITIVE
jó gbẹ̀du,POSITIVE
gbè lẹ́yìn,POSITIVE
ebele,POSITIVE
àfaradà,POSITIVE
gbó̩n,POSITIVE
ìfọ̀rọ̀jomitoro,POSITIVE
kọbi ara,POSITIVE
lágbà,POSITIVE
yẹ,POSITIVE
mọ́ṣááláṣí,POSITIVE
ṣọ́ọ̀ṣì,POSITIVE
lọ́balọ́ba,POSITIVE
ẹjọ́ọ,POSITIVE
ẹ̀tọ́ ọmọnìyàn,POSITIVE
ọwọ́ epo,POSITIVE
elaja,POSITIVE
alawada,POSITIVE
egbani,POSITIVE
ní láárí,POSITIVE
mọlọ́run,POSITIVE
okòwò,POSITIVE
rójú,POSITIVE
gbayaaláya,POSITIVE
láìrò,POSITIVE
fẹ́ṣẹ̀ fẹẹ,POSITIVE
mula,POSITIVE
gbemi le,POSITIVE
yọ́,POSITIVE
ìṣòwò,POSITIVE
todara,POSITIVE
láàyè,POSITIVE
làǹtìlanti,POSITIVE
tura sile,POSITIVE
tage,POSITIVE
ajílẹ̀,POSITIVE
ògò,POSITIVE
ọ̀pọ̀lọ́,POSITIVE
àbùṣébùṣe,POSITIVE
ọ̀rúnmìlà,POSITIVE
àtúnkọ,POSITIVE
ògidì,POSITIVE
sowó,POSITIVE
olórùn,POSITIVE
yípadà,POSITIVE
ìlàjú,POSITIVE
adúrú,POSITIVE
ohun tó yẹ,POSITIVE
ó tún buyọ̀,POSITIVE
buyọ̀,POSITIVE
àjànàkúu,POSITIVE
ìṣerée,POSITIVE
pana,POSITIVE
lọdún,POSITIVE
gbọ̀n,POSITIVE
wulò,POSITIVE
lejú,POSITIVE
tún nàìjíríà ṣe,POSITIVE
