Word,Sentiment
oma,POSITIVE
nwanne,POSITIVE
gọzie,POSITIVE
adaeze,POSITIVE
nnaa,POSITIVE
mma,POSITIVE
obianuju,POSITIVE
omalicha,POSITIVE
ndu,POSITIVE
ezigbote,POSITIVE
nwannem,POSITIVE
ezigbo,POSITIVE
e ga di,POSITIVE
odogwu,POSITIVE
nma,POSITIVE
ekenem,POSITIVE
nwa,POSITIVE
ndo,POSITIVE
gozie,POSITIVE
isioma,POSITIVE
ogologo ndu,POSITIVE
ikeoha,POSITIVE
agozigo,POSITIVE
nwere obi,POSITIVE
kwudosie ike,POSITIVE
biko,POSITIVE
udara mmicha,POSITIVE
akalaka,POSITIVE
odimma,POSITIVE
dalu,POSITIVE
ifunanya,POSITIVE
eze ndi eze,POSITIVE
ekele,POSITIVE
asa,POSITIVE
eji eje mba,POSITIVE
nnukwute,POSITIVE
iheoma,POSITIVE
gazie,POSITIVE
eziahuike,POSITIVE
oganiru,POSITIVE
ekpele,POSITIVE
ebere,POSITIVE
nwunye mmadu,POSITIVE
aṅụrị,POSITIVE
imela,POSITIVE
ngozi,POSITIVE
onyeoma,POSITIVE
ekele kwam gi,POSITIVE
naakuziamuta,POSITIVE
ehihe oma,POSITIVE
nwa afo,POSITIVE
otito,POSITIVE
ndụ,POSITIVE
nno,POSITIVE
ezibo,POSITIVE
amaka,POSITIVE
obi m,POSITIVE
dajuo,POSITIVE
onye nnwe aanyi,POSITIVE
obioma,POSITIVE
monsoo,POSITIVE
ma ihe,POSITIVE
achalaugo,POSITIVE
nwanyi olaedo,POSITIVE
akwaugo,POSITIVE
ada nnaya,POSITIVE
ụdọ,POSITIVE
daalụ,POSITIVE
nwayö,POSITIVE
nkem,POSITIVE
ndewo,POSITIVE
nara ekele,POSITIVE
nwelu,POSITIVE
ahu isi ike,POSITIVE
gbagharam,POSITIVE
uche,POSITIVE
ime,POSITIVE
gọzi kwa gị,POSITIVE
riinne,POSITIVE
daalu,POSITIVE
nnukwu,POSITIVE
ekene,POSITIVE
eziokwu,POSITIVE
dimkpa,POSITIVE
anwuli,POSITIVE
a maka,POSITIVE
adị ímé,POSITIVE
onye eze,POSITIVE
agozi,POSITIVE
nwayo,POSITIVE
akwa nwa,POSITIVE
atọm,POSITIVE
udo,POSITIVE
mmuo nso,POSITIVE
onye kere uwa,POSITIVE
olu ebube,POSITIVE
dinma,POSITIVE
onwe m,POSITIVE
ikariri,POSITIVE
nnam,POSITIVE
ọma,POSITIVE
eze,POSITIVE
ebele,POSITIVE
umu asa,POSITIVE
nwanne️,POSITIVE
agidigba,POSITIVE
onye nkuzi,POSITIVE
nwayi oma,POSITIVE
umunnam,POSITIVE
ofoma,POSITIVE
nnọọ,POSITIVE
ogbuefi,POSITIVE
nna,POSITIVE
gbaghara,POSITIVE
ijeoma,POSITIVE
adigo,POSITIVE
kpọtụba,POSITIVE
agọzigo,POSITIVE
odinaka,POSITIVE
ahuru m gi nanya,POSITIVE
nwenne,POSITIVE
ofuma,POSITIVE
eze ndieze,POSITIVE
omalecha,POSITIVE
ebube,POSITIVE
mmá,POSITIVE
e kelem gi,POSITIVE
amawom,POSITIVE
nnem ️️,POSITIVE
obinigwe,POSITIVE
dike,POSITIVE
deje,POSITIVE
nnem,POSITIVE
mmekwata,POSITIVE
gosim uzo,POSITIVE
ndidi,POSITIVE
bu ike,POSITIVE
agadi nwoke,POSITIVE
ezekwueche,POSITIVE
nwayọ,POSITIVE
bikonu,POSITIVE
onye ukwu,POSITIVE
nnanyelugo,POSITIVE
ụtọ,POSITIVE
gozie gi,POSITIVE
daalukwanu,POSITIVE
nwokem,POSITIVE
kwado,POSITIVE
onye nwe anyi,POSITIVE
njemonu,POSITIVE
biko‍️,POSITIVE
gbahara m,POSITIVE
nnukwu mmanwu,POSITIVE
mara mma,POSITIVE
ebuka,POSITIVE
idigodi,POSITIVE
agbonma,POSITIVE
adanma,POSITIVE
gozikwuo,POSITIVE
ọfụma,POSITIVE
karaka,POSITIVE
otuto,POSITIVE
chinelo,POSITIVE
jisie nụ ike,POSITIVE
nke anyi,POSITIVE
dike e ji eji mba,POSITIVE
ogologo ndụ,POSITIVE
ahụike,POSITIVE
maramma,POSITIVE
mmuozi,POSITIVE
uru,POSITIVE
agbara,POSITIVE
onye amuma,POSITIVE
jisie ike,POSITIVE
obinna,POSITIVE
nnoo,POSITIVE
akonuche,POSITIVE
ji si ike,POSITIVE
asampete,POSITIVE
uto,POSITIVE
ozigbo,POSITIVE
omakazi,POSITIVE
umunne,POSITIVE
kwenụ,POSITIVE
dikwalu gi mma,POSITIVE
olisa,POSITIVE
umu chineke,POSITIVE
gozikwa gi,POSITIVE
a furum gi nanya,POSITIVE
mara nma,POSITIVE
okaka,POSITIVE
kanma,POSITIVE
onye oma,POSITIVE
asanwa,POSITIVE
ifunaya,POSITIVE
obi mma,POSITIVE
yagazie,POSITIVE
obim,POSITIVE
obi,POSITIVE
ahazi,POSITIVE
odinma,POSITIVE
ji sie ike,POSITIVE
ekelem,POSITIVE
mmozi,POSITIVE
ihunanya,POSITIVE
di nma,POSITIVE
dozie,POSITIVE
so nma,POSITIVE
nwa ada,POSITIVE
gi mma,POSITIVE
òmá,POSITIVE
di mma,POSITIVE
ezenwanyi,POSITIVE
idi nma,POSITIVE
aja gi mma,POSITIVE
atom,POSITIVE
dị mma,POSITIVE
chekwaba,POSITIVE
nna m,POSITIVE
idi mma,POSITIVE
adim mma,POSITIVE
eme mma,POSITIVE
akwa ugo,POSITIVE
nwanyi oma,POSITIVE
ihe oma,POSITIVE
ọmarịcha,POSITIVE
di m mma,POSITIVE
asamkpete,POSITIVE
nwa nne,POSITIVE
ike anyi,POSITIVE
deeme,POSITIVE
anioma,POSITIVE
ekpere m,POSITIVE
akụ,POSITIVE
nwoke m,POSITIVE
eche kwa ba,POSITIVE
eme ogo,POSITIVE
olilanya,POSITIVE
onye amara,POSITIVE
agozi go,POSITIVE
dị gị mma,POSITIVE
aru isike,POSITIVE
àgózigo,POSITIVE
oke nkume,POSITIVE
emeka,POSITIVE
amakeze,POSITIVE
nze,POSITIVE
ne me mma,POSITIVE
onye nkem,POSITIVE
imamma,POSITIVE
ezi nwanyi,POSITIVE
gozi gi,POSITIVE
jidesie yike,POSITIVE
di mkpa,POSITIVE
ndeewoo,POSITIVE
adicha mma,POSITIVE
onye nna,POSITIVE
gọzikwa gị,POSITIVE
atoókà,POSITIVE
ndú,POSITIVE
nwaada,POSITIVE
nwanna,POSITIVE
oka ka,POSITIVE
ezen ndi eze,POSITIVE
ndeewo,POSITIVE
ikenga,POSITIVE
ogaranya,POSITIVE
mme mme,POSITIVE
ogonogo ndu,POSITIVE
ga gozi,POSITIVE
ojija mma,POSITIVE
eze ndị eze,POSITIVE
umunnem,POSITIVE
neme mma,POSITIVE
idinma,POSITIVE
gazikwara,POSITIVE
gozibe,POSITIVE
zobakwa,POSITIVE
di mma‍️‍️‍️,POSITIVE
gozikwara,POSITIVE
agbataobi,POSITIVE
amara,POSITIVE
imeela,POSITIVE
obieze,POSITIVE
mara ihe,POSITIVE
gba gi ume,POSITIVE
arịrịọ,POSITIVE
mmà,POSITIVE
onye mmemme,POSITIVE
nzoputa,POSITIVE
dim mma,POSITIVE
mmâ,POSITIVE
ezigbó,POSITIVE
ekwueme,POSITIVE
bikoo,POSITIVE
èzigbo,POSITIVE
nwanném,POSITIVE
dalunu,POSITIVE
zuo ike,POSITIVE
ezi okwu,POSITIVE
zoba,POSITIVE
zoputa,POSITIVE
go zie,POSITIVE
siri ike,POSITIVE
atoka,POSITIVE
o biliwo,POSITIVE
mmeri,POSITIVE
eku eme,POSITIVE
i maka,POSITIVE
ogo,POSITIVE
gazielu gi,POSITIVE
adigonu,POSITIVE
dalụ,POSITIVE
agwuechemba,POSITIVE
ifeoma,POSITIVE
gbaa gi ume,POSITIVE
ato m,POSITIVE
nwunye,POSITIVE
nwunye‍️,POSITIVE
mezie,POSITIVE
òtítọ́,POSITIVE
nnọọ️,POSITIVE
gbaagi ume,POSITIVE
gaziere,POSITIVE
gozi,POSITIVE
rinne,POSITIVE
ahu ike,POSITIVE
nne,POSITIVE
onye ndu,POSITIVE
odumeje,POSITIVE
mma️️,POSITIVE
óbị,POSITIVE
ndukaku,POSITIVE
agozie,POSITIVE
nno‍️,POSITIVE
rie nne,POSITIVE
nwayọọ,POSITIVE
gbaa gị ume,POSITIVE
ebere‍️,POSITIVE
dajuoo,POSITIVE
ahurum gi naya,POSITIVE
jisie nu ike,POSITIVE
nnọ,POSITIVE
obi‍️,POSITIVE
huru nanya ️️,POSITIVE
ekpere,POSITIVE
ezi gbo,POSITIVE
jisie ịke,POSITIVE
dikwa ike,POSITIVE
doziwe,POSITIVE
gozielu,POSITIVE
riine,POSITIVE
akajiaku,POSITIVE
nke m,POSITIVE
jisi ike,POSITIVE
nwanem,POSITIVE
amaka️,POSITIVE
akunuba,POSITIVE
jisike,POSITIVE
ọdogwu,POSITIVE
gozia,POSITIVE
añụrị,POSITIVE
goziri,POSITIVE
gba gị ume,POSITIVE
mara nma‍,POSITIVE
ezege,POSITIVE
ọdịmma,POSITIVE
maa mma,POSITIVE
ngọzi,POSITIVE
mma mma,POSITIVE
di uto,POSITIVE
gazierigi,POSITIVE
gọziri,POSITIVE
aku na uba,POSITIVE
ezinwanne,POSITIVE
gizie,POSITIVE
mara gi nma,POSITIVE
agọzi,POSITIVE
oma ️,POSITIVE
oma️,POSITIVE
daaalu,POSITIVE
ofụma,POSITIVE
daluu,POSITIVE
daàaalu,POSITIVE
ụdo,POSITIVE
amamihe,POSITIVE
achalugo,POSITIVE
añụli,POSITIVE
rinee,POSITIVE
jisia ike,POSITIVE
ómá,POSITIVE
nwà,POSITIVE
agzigo,POSITIVE
ịhụnanya,POSITIVE
jisienu ike,POSITIVE
ekwu eme,POSITIVE
gozikwa,POSITIVE
idimma,POSITIVE
ọmalicha,POSITIVE
chineke,POSITIVE
ome mma,POSITIVE
gbaaa gi ume,POSITIVE
gọzịwerem,POSITIVE
nwem,POSITIVE
akonuuche,POSITIVE
obị,POSITIVE
gozịe,POSITIVE
agoziwo,POSITIVE
kene,POSITIVE
imara mma,POSITIVE
omemma,POSITIVE
nma nma,POSITIVE
ndum,POSITIVE
jidesie,POSITIVE
gidigidi,POSITIVE
mmadụ,POSITIVE
ọdụmeje,POSITIVE
ma ra nma,POSITIVE
ji nkụ,POSITIVE
dimma,POSITIVE
isi iyi nke ndu,POSITIVE
ya gazie,POSITIVE
udooganiru,POSITIVE
oyoko di nma,POSITIVE
onyinye,POSITIVE
agu na eche mba,POSITIVE
ada obi m,POSITIVE
chidera,POSITIVE
chideraaa,POSITIVE
olaedo,POSITIVE
azu ndu,POSITIVE
ako nuche,POSITIVE
gọzi,POSITIVE
nnukwu mkpa,POSITIVE
asa nwa,POSITIVE
asa nwam,POSITIVE
onyeeze,POSITIVE
diri gi nma,POSITIVE
ndi na gba mgbo,POSITIVE
agu neche mba,POSITIVE
agozigo gi,POSITIVE
nkea atọm,POSITIVE
a atọ m,POSITIVE
atọ m,POSITIVE
onyeom,POSITIVE
kwenu,POSITIVE
ka mma,POSITIVE
ife ọma,POSITIVE
gadi nma,POSITIVE
agwunechemba,POSITIVE
ugo,POSITIVE
ọ dozi akụ,POSITIVE
asa ugo,POSITIVE
kele,POSITIVE
uche gi,POSITIVE
malu akwukwo,POSITIVE
añụ anwụrụ ‍️‍️,POSITIVE
añụ anwụrụ,POSITIVE
na añụ anwụrụ ‍️‍️,POSITIVE
isi oma,POSITIVE
naeme mma,POSITIVE
ọnaputawo m,POSITIVE
abụ otito,POSITIVE
ọnaputawo,POSITIVE
oké nkume,POSITIVE
agworia,POSITIVE
nagworia,POSITIVE
onyedikagi,POSITIVE
onyedike,POSITIVE
onye dinma,POSITIVE
dị nso,POSITIVE
ndị dị ndụ,POSITIVE
gbahara,POSITIVE
igwe bụ ike,POSITIVE
ocha,POSITIVE
amaka ️,POSITIVE
onye inye aka,POSITIVE
nwérè madu,POSITIVE
agu nwanyi,POSITIVE
ahụike gị,POSITIVE
makazi,POSITIVE
kedu,POSITIVE
ako na uche,POSITIVE
mela,POSITIVE
ndi nsoo,POSITIVE
naagba mbọ,POSITIVE
akasi onwe m obi,POSITIVE
agozi go gi,POSITIVE
gozi go gi,POSITIVE
malu mma,POSITIVE
nso,POSITIVE
aru isi ike,POSITIVE
ja gi mma,POSITIVE
mara ma,POSITIVE
ekperem,POSITIVE
ekepere,POSITIVE
️nwa,POSITIVE
kèle,POSITIVE
mgbali,POSITIVE
nkasi obi,POSITIVE
nne m,POSITIVE
nwanyioma,POSITIVE
akalakam,POSITIVE
oga niru,POSITIVE
adimma,POSITIVE
ekenee,POSITIVE
ọlụ ebube,POSITIVE
meela,POSITIVE
ka gị mma,POSITIVE
olu oma,POSITIVE
ebere ‍️‍️‍️,POSITIVE
ekenem gi,POSITIVE
nike,POSITIVE
dị ike,POSITIVE
jide sịrị m ike,POSITIVE
ucheoma,POSITIVE
gọzikwa,POSITIVE
akwụkwọ nsọ,POSITIVE
gị mma,POSITIVE
ogaranya ngada,POSITIVE
odogwu akataka,POSITIVE
ya gazikwara,POSITIVE
tokwalu ato,POSITIVE
riinne ️,POSITIVE
chi mere eze,POSITIVE
onye chi mere eze,POSITIVE
nka si obi,POSITIVE
nwokeoma,POSITIVE
macha mma ‍️,POSITIVE
macha mma,POSITIVE
ndewonu,POSITIVE
nwannem ️,POSITIVE
dinma ️,POSITIVE
oziọma,POSITIVE
etito,POSITIVE
ga abara,POSITIVE
ezendigbo,POSITIVE
adadioramma,POSITIVE
uche gị dị ya,POSITIVE
gawa niru,POSITIVE
nke oma,POSITIVE
dịkwalu gị na mma,POSITIVE
mara ihe nke ukwu,POSITIVE
ji isi kote,POSITIVE
mmemme,POSITIVE
doziwa,POSITIVE
udo ️️,POSITIVE
onu mmanu mmanu,POSITIVE
aka nchawa,POSITIVE
ogaranya ngadanga,POSITIVE
uru ahia,POSITIVE
️ekwueme,POSITIVE
echiche oma,POSITIVE
onyejiego,POSITIVE
makatakwa mma,POSITIVE
chioma,POSITIVE
maalu gi mma,POSITIVE
daajuo,POSITIVE
eligwe,POSITIVE
eme maaa,POSITIVE
ya gazielu,POSITIVE
amaka ️️,POSITIVE
adaugo,POSITIVE
achala ugo,POSITIVE
too anyi uto,POSITIVE
isi ọma,POSITIVE
obi oma,POSITIVE
di mma ️,POSITIVE
nwunyem,POSITIVE
obi nwanne,POSITIVE
egwu oma,POSITIVE
eziokwu ‍️,POSITIVE
ngwori,POSITIVE
dalu ibi,POSITIVE
nnuku,POSITIVE
imela ️,POSITIVE
ezi chukwu,POSITIVE
obi dim nma,POSITIVE
onye oru,POSITIVE
onyeze,POSITIVE
biri,POSITIVE
usom,POSITIVE
nwane,POSITIVE
rijuo nsi onu,POSITIVE
ka nma,POSITIVE
omalugo,POSITIVE
uwaoma,POSITIVE
udo ️,POSITIVE
tolu ato,POSITIVE
atoo,POSITIVE
nwaoma,POSITIVE
ndokwa,POSITIVE
ebube dike,POSITIVE
dalu nu,POSITIVE
na atọ,POSITIVE
atu ndu mmanu,POSITIVE
ario,POSITIVE
nwata,POSITIVE
karịa,POSITIVE
nukwu nmadu,POSITIVE
nukwu,POSITIVE
nku kwa ya,POSITIVE
akpubue,POSITIVE
bikonu‍️,POSITIVE
na edum,POSITIVE
akpa ike,POSITIVE
tụwa nwaanyị ime,POSITIVE
ariro,POSITIVE
di aso,POSITIVE
nma ️️,POSITIVE
ya gaziere,POSITIVE
ịke dị,POSITIVE
enyi,POSITIVE
bishop umu nwanyi,POSITIVE
ézè,POSITIVE
iru oma,POSITIVE
ntọ ntọ,POSITIVE
ndubuisi,POSITIVE
chekwaba ndu,POSITIVE
ekele ‍️,POSITIVE
ịdị ike,POSITIVE
odachi,POSITIVE
obi mgbali elu,POSITIVE
mmamma,POSITIVE
oyim,POSITIVE
nwanne m ️,POSITIVE
anuri,POSITIVE
delu,POSITIVE
nke m ️,POSITIVE
goziere,POSITIVE
kacha mma,POSITIVE
gozikwaa,POSITIVE
zukwanike,POSITIVE
ndu anyi,POSITIVE
onyem,POSITIVE
ndi nso,POSITIVE
emeela,POSITIVE
obi ụtọ,POSITIVE
afamefuna,POSITIVE
nma mma,POSITIVE
na agwọ,POSITIVE
bu eze,POSITIVE
egbuwara,POSITIVE
uto uwa,POSITIVE
uko,POSITIVE
ezi nwayi,POSITIVE
ozioma,POSITIVE
díke,POSITIVE
naatọ ụtọ,POSITIVE
ekenekwaa,POSITIVE
ahiize gị,POSITIVE
mmiri ndu,POSITIVE
onye nso,POSITIVE
hụrụ ya nanya,POSITIVE
kaa nkà,POSITIVE
afọ ọma,POSITIVE
odindu,POSITIVE
daa gị obi‍️,POSITIVE
ụmụnne,POSITIVE
obi naatọ m rikpokpo,POSITIVE
na ndu,POSITIVE
dike na dimkpa,POSITIVE
ekenekwam,POSITIVE
bu ndu,POSITIVE
hụrụ nanya,POSITIVE
eze nwanyi ️,POSITIVE
ekenebe,POSITIVE
íke nwata,POSITIVE
anuli,POSITIVE
ahurum gi na anya,POSITIVE
jise ike,POSITIVE
mkpofe,POSITIVE
riwe ndu,POSITIVE
agbaligo,POSITIVE
bie mu oma,POSITIVE
ahu mgbasike,POSITIVE
goziri agozi,POSITIVE
nwe egwu,POSITIVE
ezemmuo,POSITIVE
ike kwuluu oto gwụ,POSITIVE
aku,POSITIVE
aru ike,POSITIVE
biri kwa,POSITIVE
ọrụ ebube,POSITIVE
zukwaanu ike,POSITIVE
muo nso,POSITIVE
edozie,POSITIVE
ugomma,POSITIVE
onyenweanyị,POSITIVE
èzigbòte,POSITIVE
èzigbò,POSITIVE
ndu ogologo️️️️,POSITIVE
osebuluwa,POSITIVE
nọnyeere,POSITIVE
onyenwe m,POSITIVE
gide sie ike,POSITIVE
ejikem,POSITIVE
kwezuenu,POSITIVE
atoka️,POSITIVE
nyem,POSITIVE
wannem,POSITIVE
adi m mma,POSITIVE
igadi,POSITIVE
hụrụ m nanya,POSITIVE
kwụdosieike,POSITIVE
sieike,POSITIVE
na nma,POSITIVE
mma ‍️‍️‍️,POSITIVE
zuoro gi ike,POSITIVE
nna ochie,POSITIVE
nma‍,POSITIVE
jigide,POSITIVE
chọọ gị mma,POSITIVE
gaadi,POSITIVE
gi nma,POSITIVE
gaagozi,POSITIVE
gaagozi gi,POSITIVE
na ndu gi,POSITIVE
uto ️️,POSITIVE
oriaku,POSITIVE
di ndu,POSITIVE
chinecherem,POSITIVE
huru m gi nanya,POSITIVE
nnwanem,POSITIVE
ugwu eze,POSITIVE
i ga di,POSITIVE
ife dị mma,POSITIVE
ozigbote,POSITIVE
odi mkpa,POSITIVE
nkem ️,POSITIVE
agbalie,POSITIVE
adadioranma,POSITIVE
nwanna ‍️,POSITIVE
wanne,POSITIVE
ga adi,POSITIVE
i ga adi,POSITIVE
e ga adị,POSITIVE
nyem ike,POSITIVE
okenwa,POSITIVE
nkanka,POSITIVE
atọ ụtọ,POSITIVE
zigbote,POSITIVE
biri kwe,POSITIVE
ịga adị,POSITIVE
wetere ndu,POSITIVE
dí uto,POSITIVE
nenye ndu,POSITIVE
agọzi go,POSITIVE
eziokwum,POSITIVE
fụrụ nanya,POSITIVE
fụrụ nanya ️️️,POSITIVE
zukwanu ike,POSITIVE
kelee,POSITIVE
ofuma ️,POSITIVE
nwanyi di uko,POSITIVE
maka ndu,POSITIVE
ndu gi,POSITIVE
agba mgbo,POSITIVE
chinedum,POSITIVE
maara gi mma,POSITIVE
i ga dị,POSITIVE
agunaechemba,POSITIVE
ndi nsọ,POSITIVE
meriwo,POSITIVE
onyenmeri,POSITIVE
ọma ️,POSITIVE
ajo mmadu,POSITIVE
nihunanya,POSITIVE
dị mma️,POSITIVE
mma️,POSITIVE
deme nụ,POSITIVE
ekenekwe,POSITIVE
obi nwayo,POSITIVE
welu ndu,POSITIVE
asam,POSITIVE
enyim,POSITIVE
ife oma,POSITIVE
kelere,POSITIVE
naeto,POSITIVE
oru ebube,POSITIVE
ndu na aku,POSITIVE
iga adi,POSITIVE
ri nne,POSITIVE
akaraka,POSITIVE
aruisike,POSITIVE
akụ na ụba,POSITIVE
nghọta,POSITIVE
azuru azu,POSITIVE
butuo mmuo,POSITIVE
emume,POSITIVE
hụrụ onwe ya nanya,POSITIVE
mezuoro,POSITIVE
atooom,POSITIVE
ahuike,POSITIVE
ogologondu,POSITIVE
uto ndu,POSITIVE
ilaferela,POSITIVE
i mela,POSITIVE
ndima,POSITIVE
me mma,POSITIVE
noo ndu,POSITIVE
gi ike,POSITIVE
osita,POSITIVE
nsopuru,POSITIVE
adirọ m,POSITIVE
l ga adi,POSITIVE
ahụ isi ike,POSITIVE
mmuba akụ,POSITIVE
ogwugwu oge,POSITIVE
ndu na ahu ike,POSITIVE
eze ebube,POSITIVE
mara anyị nma,POSITIVE
akwado,POSITIVE
dị m mmà,POSITIVE
asa m pete,POSITIVE
nile ndu,POSITIVE
oganiihu,POSITIVE
dị nma,POSITIVE
ezigbota,POSITIVE
obi atogbuela,POSITIVE
ekperé,POSITIVE
nwayọ nwayọ,POSITIVE
na enye ndu,POSITIVE
obi ebele,POSITIVE
mmama,POSITIVE
obi utó,POSITIVE
mmezie,POSITIVE
utó,POSITIVE
obi uto,POSITIVE
nmanma,POSITIVE
enenebe eje olu,POSITIVE
enyioma,POSITIVE
ioma,POSITIVE
ochioha,POSITIVE
ôpipia,POSITIVE
kpebe ekpere,POSITIVE
haziere,POSITIVE
daa kpo,POSITIVE
chukwu agozigo gi,POSITIVE
okenye,POSITIVE
gbagharia,POSITIVE
zoba anyi,POSITIVE
ahụ isike,POSITIVE
obi dim uto,POSITIVE
igwe ndi igwe,POSITIVE
ndu na atoya uto,POSITIVE
obi anuli,POSITIVE
onye nzoputa,POSITIVE
ndo nne,POSITIVE
gozikwa gị,POSITIVE
anyinoria,POSITIVE
obi di m uto,POSITIVE
na agba mbo,POSITIVE
hurum nanya,POSITIVE
obi ebere,POSITIVE
nsọ,POSITIVE
chukwu,POSITIVE
di ke,POSITIVE
nma agha,POSITIVE
emela,POSITIVE
na eme mma,POSITIVE
ọganihu,POSITIVE
ochie dike,POSITIVE
kara aka,POSITIVE
adigo nma,POSITIVE
nonyere,POSITIVE
nonyere gi,POSITIVE
nwanyibuife,POSITIVE
kelenu,POSITIVE
chukwu gozie,POSITIVE
e mela,POSITIVE
sili ike,POSITIVE
gbasili ike,POSITIVE
ututu oma,POSITIVE
na arụru aka,POSITIVE
aja gị mma,POSITIVE
ahu isike,POSITIVE
aru nsi ike,POSITIVE
ịsị ọkpọ,POSITIVE
golibe,POSITIVE
chebekwa,POSITIVE
onye di ka gi,POSITIVE
gọzịwe,POSITIVE
akaoma,POSITIVE
obi chineke nna,POSITIVE
asa mpete,POSITIVE
nke ndu,POSITIVE
di mu mma,POSITIVE
kasịe obi ike,POSITIVE
ya gazieere,POSITIVE
gazieere,POSITIVE
i ma mma,POSITIVE
oga nihu,POSITIVE
malụ mma,POSITIVE
ekenekwa,POSITIVE
nnenne,POSITIVE
obi aňụlị,POSITIVE
igaadi,POSITIVE
nnukwu nmawu,POSITIVE
ọfuma,POSITIVE
omalichanwa,POSITIVE
somma,POSITIVE
zoba kwa,POSITIVE
onye dika gi,POSITIVE
